question,course,document
What does the cake consist of?,ww peach angel food cake,142_1
Can I get a list of the ingredients?,ww peach angel food cake,142_1
Are there any preservatives?,ww peach angel food cake,142_1
What are the main components?,ww peach angel food cake,142_1
Do you use natural ingredients?,ww peach angel food cake,142_1
How many calories does it have?,ww peach angel food cake,142_2
Can you tell me the calorie count?,ww peach angel food cake,142_2
How many calories are in the dish?,ww peach angel food cake,142_2
What is the calorie content?,ww peach angel food cake,142_2
How many calories are in the almond fudge banana cake?,ww peach angel food cake,142_2
How much fat is in it?,ww peach angel food cake,142_3
Can I ask about the fat content?,ww peach angel food cake,142_3
What's the total fatty acid in this dish?,ww peach angel food cake,142_3
How much lipid matter is present?,ww peach angel food cake,142_3
Is there a specific fat amount I should be aware of?,ww peach angel food cake,142_3
How much sugar is in it?,ww peach angel food cake,142_4
What's the amount of sugar per serving?,ww peach angel food cake,142_4
Does it contain a lot of sugar?,ww peach angel food cake,142_4
What's the sugar level in this dish?,ww peach angel food cake,142_4
Is it high in sugar?,ww peach angel food cake,142_4
What's the sodium count?,ww peach angel food cake,142_5
How salty is this dish?,ww peach angel food cake,142_5
Is there a lot of sodium in this?,ww peach angel food cake,142_5
Can I get the sodium breakdown?,ww peach angel food cake,142_5
How much salt is in this treat?,ww peach angel food cake,142_5
How much protein is in the dish?,ww peach angel food cake,142_6
What's the protein level of this dessert?,ww peach angel food cake,142_6
Can I get the protein information?,ww peach angel food cake,142_6
How many grams of protein are there?,ww peach angel food cake,142_6
Is there a lot of protein in this treat?,ww peach angel food cake,142_6
How much fat is in this dessert?,ww peach angel food cake,142_7
What's the amount of unsaturated fat?,ww peach angel food cake,142_7
Can you tell me about the cake's cholesterol level?,ww peach angel food cake,142_7
How many calories come from fat?,ww peach angel food cake,142_7
Is there a lot of oil in this banana cake?,ww peach angel food cake,142_7
How much sugar is in the cake?,ww peach angel food cake,142_8
What's the calorie count for the banana cake?,ww peach angel food cake,142_8
How many carbs are in a slice?,ww peach angel food cake,142_8
Can I get a breakdown of the cake's nutritional content?,ww peach angel food cake,142_8
Is there a lot of starch in this treat?,ww peach angel food cake,142_8
How long does it take to make it?,ww peach angel food cake,142_9
What's the prep time for this dish?,ww peach angel food cake,142_9
How long before it's ready?,ww peach angel food cake,142_9
Can you tell me the preparation time?,ww peach angel food cake,142_9
Is there a wait for this order?,ww peach angel food cake,142_9
How is this cake put together?,ww peach angel food cake,142_10
What are the steps to make this dessert?,ww peach angel food cake,142_10
Can you walk me through the preparation process?,ww peach angel food cake,142_10
How do you combine all the ingredients?,ww peach angel food cake,142_10
Can you show me the step-by-step instructions?,ww peach angel food cake,142_10
What categories does this dessert fit into?,ww peach angel food cake,142_11
Can I serve this to a big group?,ww peach angel food cake,142_11
How does this cake compare to others in terms of prep time?,ww peach angel food cake,142_11
Are there other desserts like this?,ww peach angel food cake,142_11
Does this cake require any special appliances for cooking?,ww peach angel food cake,142_11
How would you rate this dessert?,ww peach angel food cake,142_12
What is the score for this cake?,ww peach angel food cake,142_12
Can you tell me the grade for this option?,ww peach angel food cake,142_12
What's the quality level of this treat?,ww peach angel food cake,142_12
How well liked is this selection?,ww peach angel food cake,142_12
Can I make some changes to the recipe?,ww peach angel food cake,142_13
Is it possible to add a different topping?,ww peach angel food cake,142_13
What's the consistency of the cake?,ww peach angel food cake,142_13
How does the cake retain its moisture?,ww peach angel food cake,142_13
Will the banana flavor overpower the other flavors?,ww peach angel food cake,142_13
What type of dessert is this?,ww peach angel food cake,142_14
Is it a sweet dish?,ww peach angel food cake,142_14
What's the type of cake?,ww peach angel food cake,142_14
Is it a sweet treat?,ww peach angel food cake,142_14
What kind of dessert is it?,ww peach angel food cake,142_14
Is this dish low on calories?,ww peach angel food cake,142_15
How many calories does this dish have?,ww peach angel food cake,142_15
Is this a slimming option?,ww peach angel food cake,142_15
Do you offer low-calorie options?,ww peach angel food cake,142_15
Are there few calories in this dessert?,ww peach angel food cake,142_15
How much does it cost?,ww peach angel food cake,142_16
What is the total cost?,ww peach angel food cake,142_16
How much is the almond fudge banana cake?,ww peach angel food cake,142_16
Can you tell me the price?,ww peach angel food cake,142_16
How much will it set me back?,ww peach angel food cake,142_16
What is in the dessert?,ww peach angel food cake,520_1
Can you list the components?,ww peach angel food cake,520_1
Are there any secret ingredients?,ww peach angel food cake,520_1
What goes into making the apple pie cake?,ww peach angel food cake,520_1
What is the composition of the dessert?,ww peach angel food cake,520_1
How many calories does this contain?,ww peach angel food cake,520_2
What's the calorie count?,ww peach angel food cake,520_2
Can I know the calorie amount?,ww peach angel food cake,520_2
How many calories does it possess?,ww peach angel food cake,520_2
What's the calorie value?,ww peach angel food cake,520_2
How much sweetness does it have?,ww peach angel food cake,520_4
What's the amount of sugar in it?,ww peach angel food cake,520_4
Can I get the sugar levels?,ww peach angel food cake,520_4
Is it a sweet treat?,ww peach angel food cake,520_4
How sweet is it generally?,ww peach angel food cake,520_4
How many grams of salt are in this item?,ww peach angel food cake,520_5
What is the amount of sodium in the dish?,ww peach angel food cake,520_5
Can you tell me about the salt content?,ww peach angel food cake,520_5
Does this contain any salt?,ww peach angel food cake,520_5
How much salt is in this food?,ww peach angel food cake,520_5
How many grams of protein are in this dish?,ww peach angel food cake,520_6
What's the protein level of this item?,ww peach angel food cake,520_6
How much protein is contained in this?,ww peach angel food cake,520_6
Is there a fair amount of protein in this?,ww peach angel food cake,520_6
What's the protein quantity in this dish?,ww peach angel food cake,520_6
What is the fat content of the apple pie cake?,ww peach angel food cake,520_7
How much animal fat is in the dish?,ww peach angel food cake,520_7
Can you tell me about the fatty acids in the cake?,ww peach angel food cake,520_7
What is the level of unhealthy fats in this dessert?,ww peach angel food cake,520_7
Are there any significant sources of fat in the apple pie cake?,ww peach angel food cake,520_7
Can I see the carb count?,ww peach angel food cake,520_8
What's the sugar content like?,ww peach angel food cake,520_8
How many grams of carbs are there?,ww peach angel food cake,520_8
Are there any special dietary restrictions I should know about?,ww peach angel food cake,520_8
What's with the high glycemic index?,ww peach angel food cake,520_8
How long until it's cooked?,ww peach angel food cake,520_9
What's the prep time?,ww peach angel food cake,520_9
When will it be ready?,ww peach angel food cake,520_9
How long until it's ready?,ww peach angel food cake,520_9
How much time is needed for the dish?,ww peach angel food cake,520_9
How is this dish prepared?,ww peach angel food cake,520_10
What process is used to make this apple pie cake?,ww peach angel food cake,520_10
Can you walk me through the steps of creating this dessert?,ww peach angel food cake,520_10
How do you assemble this recipe?,ww peach angel food cake,520_10
What are the steps involved in preparing this apple cake?,ww peach angel food cake,520_10
What's the cook time?,ww peach angel food cake,520_11
What's the primary ingredient?,ww peach angel food cake,520_11
What's the main course?,ww peach angel food cake,520_11
Is it a traditional American dish?,ww peach angel food cake,520_11
Can I order it quickly?,ww peach angel food cake,520_11
How would you rate this dish?,ww peach angel food cake,520_12
What do people think of this dessert?,ww peach angel food cake,520_12
Is this dish highly recommended?,ww peach angel food cake,520_12
What's the overall quality of this treat?,ww peach angel food cake,520_12
How does this cake rank among others?,ww peach angel food cake,520_12
What makes a dish difficult to prepare?,ww peach angel food cake,520_13
Why are there multiple steps involved?,ww peach angel food cake,520_13
Can you explain the purpose of melting butter?,ww peach angel food cake,520_13
How do I prevent tunnels from forming in the cake?,ww peach angel food cake,520_13
What is the recommended baking time?,ww peach angel food cake,520_13
What type is this?,ww peach angel food cake,520_14
What does it belong to?,ww peach angel food cake,520_14
What kind of food is this?,ww peach angel food cake,520_14
What group does it fit into?,ww peach angel food cake,520_14
Classify this.,ww peach angel food cake,520_14
Is this dish low in calories?,ww peach angel food cake,520_15
How many calories is this dish?,ww peach angel food cake,520_15
Is it a healthy option?,ww peach angel food cake,520_15
What's the calorie count?,ww peach angel food cake,520_15
Is it slimming-friendly?,ww peach angel food cake,520_15
How much does the dish cost?,ww peach angel food cake,520_16
Is this dish pricey?,ww peach angel food cake,520_16
What is the cost of this treat?,ww peach angel food cake,520_16
Can I know the price?,ww peach angel food cake,520_16
What's the bill for this dessert?,ww peach angel food cake,520_16
What's inside the cookies?,ww peach angel food cake,822_1
What are you using to make them?,ww peach angel food cake,822_1
What's the composition?,ww peach angel food cake,822_1
Tell me about the components?,ww peach angel food cake,822_1
Can you break it down for me?,ww peach angel food cake,822_1
What is the calorie count?,ww peach angel food cake,822_2
How much does it weigh in calories?,ww peach angel food cake,822_2
What's the caloric value?,ww peach angel food cake,822_2
Calorie information,ww peach angel food cake,822_2
Is it high in calories?,ww peach angel food cake,822_2
How much of it comes from fat?,ww peach angel food cake,822_3
What's the fat content of this dish?,ww peach angel food cake,822_3
How much oil or grease is in it?,ww peach angel food cake,822_3
Is there a lot of fat in this food?,ww peach angel food cake,822_3
What does it have in terms of fatty acids?,ww peach angel food cake,822_3
How many sweeteners are in this dish?,ww peach angel food cake,822_4
What is the amount of glucose in Heloise's cake mix cookies?,ww peach angel food cake,822_4
What is the total amount of carbohydrates?,ww peach angel food cake,822_4
Is this dessert high in sweetness?,ww peach angel food cake,822_4
What is the total content of sweet ingredients?,ww peach angel food cake,822_4
How much salt is in the cookies?,ww peach angel food cake,822_5
What's the sodium content of the Heloise cake mix cookies?,ww peach angel food cake,822_5
Is the dish high in salt?,ww peach angel food cake,822_5
How much salt comes with the cookies?,ww peach angel food cake,822_5
What's the sodium level in this dessert?,ww peach angel food cake,822_5
How much protein does it contain?,ww peach angel food cake,822_6
Is there a significant amount of protein?,ww peach angel food cake,822_6
What's the protein level?,ww peach angel food cake,822_6
Does it have a good source of protein?,ww peach angel food cake,822_6
Can I get an idea of the protein content?,ww peach angel food cake,822_6
What's the fat content?,ww peach angel food cake,822_7
How fatty is it?,ww peach angel food cake,822_7
Is it heavy in fat?,ww peach angel food cake,822_7
How much fat can I expect?,ww peach angel food cake,822_7
Are there a lot of fats in it?,ww peach angel food cake,822_7
How many carbs are in this dish?,ww peach angel food cake,822_8
What is the sugar content?,ww peach angel food cake,822_8
Can I find out the fiber level?,ww peach angel food cake,822_8
How much starch is present?,ww peach angel food cake,822_8
Is there a detailed breakdown of the macronutrients?,ww peach angel food cake,822_8
How much time does it take to get started?,ww peach angel food cake,822_9
What's the expected prep time?,ww peach angel food cake,822_9
How long before it's ready to be made?,ww peach angel food cake,822_9
Give me an idea of the prep duration?,ww peach angel food cake,822_9
When does the cooking process begin?,ww peach angel food cake,822_9
How do I prepare this dish?,ww peach angel food cake,822_10
What do I need to do to get this dish ready?,ww peach angel food cake,822_10
Can you walk me through the cooking process?,ww peach angel food cake,822_10
How do I assemble this dish?,ww peach angel food cake,822_10
What are the steps to make this dish?,ww peach angel food cake,822_10
How would you rate this cookie?,ww peach angel food cake,822_12
What's the overall quality of Heloise's cake mix cookies?,ww peach angel food cake,822_12
Can you tell me the dish's star rating?,ww peach angel food cake,822_12
How do customers generally like Heloise's cake mix cookies?,ww peach angel food cake,822_12
What's the dish's score?,ww peach angel food cake,822_12
How did you find the recipe?,ww peach angel food cake,822_13
Is it a good value?,ww peach angel food cake,822_13
Do you have a favorite combination?,ww peach angel food cake,822_13
What's your favorite part?,ww peach angel food cake,822_13
Do you recommend this recipe?,ww peach angel food cake,822_13
Is this a sweet option?,ww peach angel food cake,822_14
What type of menu item is this?,ww peach angel food cake,822_14
Can I expect dessert?,ww peach angel food cake,822_14
Is this a treat?,ww peach angel food cake,822_14
Does this fall under snacks?,ww peach angel food cake,822_14
How much does it cost?,ww peach angel food cake,822_16
What is the tariff for this item?,ww peach angel food cake,822_16
Can you confirm the cost?,ww peach angel food cake,822_16
Is there a price for this pls?,ww peach angel food cake,822_16
What's the budget for this dish?,ww peach angel food cake,822_16
What makes up this dish?,ww peach angel food cake,916_1
Can you tell me what goes into this?,ww peach angel food cake,916_1
What does the momma s fair funnel cake consist of?,ww peach angel food cake,916_1
Is there a list of components?,ww peach angel food cake,916_1
Are there specific components in this funnel cake?,ww peach angel food cake,916_1
How much does it weigh on the nutritional scale?,ww peach angel food cake,916_2
What is the calorie count for this dish?,ww peach angel food cake,916_2
Can I get an estimate of the dish's caloric value?,ww peach angel food cake,916_2
How many calories are in the dish,ww peach angel food cake,916_2
approximately?,ww peach angel food cake,916_2
Could you provide the caloric content for this item?,ww peach angel food cake,916_2
How many grams of fat is it?,ww peach angel food cake,916_3
What is the total amount of fat in it?,ww peach angel food cake,916_3
How many grams of energy from fat does it provide?,ww peach angel food cake,916_3
What is the fat content in this dish?,ww peach angel food cake,916_3
How much fat does it contain in milligrams?,ww peach angel food cake,916_3
How much sweetness is there?,ww peach angel food cake,916_4
What's the carb content?,ww peach angel food cake,916_4
Is it a sweet treat?,ww peach angel food cake,916_4
How many grams of added sweetener?,ww peach angel food cake,916_4
Does it have a lot of sweet stuff?,ww peach angel food cake,916_4
How much salt is in this dish?,ww peach angel food cake,916_5
Is it high in salt?,ww peach angel food cake,916_5
Can I ask about salt content?,ww peach angel food cake,916_5
Does it have a lot of salt?,ww peach angel food cake,916_5
Salt levels,ww peach angel food cake,916_5
please?,ww peach angel food cake,916_5
How much protein is in this dish?,ww peach angel food cake,916_6
What's the protein level?,ww peach angel food cake,916_6
Can you tell me about the protein content?,ww peach angel food cake,916_6
How many grams of protein is there?,ww peach angel food cake,916_6
Is there a lot of protein in this food?,ww peach angel food cake,916_6
How much fat is in the funnel cake?,ww peach angel food cake,916_7
What percentage of daily value is funnel cake saturated fat?,ww peach angel food cake,916_7
Is there a lot of saturated fat in the funnel cake?,ww peach angel food cake,916_7
Does funnel cake contain a lot of fat?,ww peach angel food cake,916_7
How fatty is the momma s fair funnel cake?,ww peach angel food cake,916_7
How much sugar is in this dish?,ww peach angel food cake,916_8
What is the carb count of this fair funnel cake?,ww peach angel food cake,916_8
How many grams of carbs does this momma's fair funnel cake contain?,ww peach angel food cake,916_8
Are there a lot of carbs in this funnel cake?,ww peach angel food cake,916_8
Can you tell me the carb content of this treat?,ww peach angel food cake,916_8
How long does food take to get ready?,ww peach angel food cake,916_9
Can you tell me the preparation time?,ww peach angel food cake,916_9
Does it take a while to prepare?,ww peach angel food cake,916_9
When is the food ready to be served?,ww peach angel food cake,916_9
How much time does it take to get cooked?,ww peach angel food cake,916_9
How is this dish cooked?,ww peach angel food cake,916_10
Can you explain the frying process?,ww peach angel food cake,916_10
What steps are involved in making this?,ww peach angel food cake,916_10
How do you get the desired shape?,ww peach angel food cake,916_10
Can you walk me through the cooking procedure?,ww peach angel food cake,916_10
What type of dish is this?,ww peach angel food cake,916_11
Does this take long to prepare?,ww peach angel food cake,916_11
Is this a healthy option?,ww peach angel food cake,916_11
Is this breakfast food?,ww peach angel food cake,916_11
Can I serve it to a crowd?,ww peach angel food cake,916_11
What is its overall quality like?,ww peach angel food cake,916_12
How would you describe the taste experience?,ww peach angel food cake,916_12
What level of satisfaction can I expect?,ww peach angel food cake,916_12
Exactly how good is this dish?,ww peach angel food cake,916_12
What's the popularity ranking of this dish?,ww peach angel food cake,916_12
How's this recipe?,ww peach angel food cake,916_13
Is it a big serving?,ww peach angel food cake,916_13
Does it take long to make?,ww peach angel food cake,916_13
How's the flavor?,ww peach angel food cake,916_13
Is it easy to cook?,ww peach angel food cake,916_13
What type of food is this?,ww peach angel food cake,916_14
What kind of fare is this?,ww peach angel food cake,916_14
Can I describe this dish in one category?,ww peach angel food cake,916_14
What category does this fit into?,ww peach angel food cake,916_14
What kind of meal is this?,ww peach angel food cake,916_14
Is it a low-fat option?,ww peach angel food cake,916_15
Does this dish keep calories down?,ww peach angel food cake,916_15
Is the calorie count low?,ww peach angel food cake,916_15
Does it have few calories?,ww peach angel food cake,916_15
Is it a light calorie plate?,ww peach angel food cake,916_15
how much is this item?,ww peach angel food cake,916_16
what is the cost of this menu option?,ww peach angel food cake,916_16
can I have a price breakdown for that?,ww peach angel food cake,916_16
how many dollars is this dish?,ww peach angel food cake,916_16
is there a specific price for this menu choice?,ww peach angel food cake,916_16
What's inside?,ww peach angel food cake,1633_1
Can you list the components?,ww peach angel food cake,1633_1
Are there any particular parts?,ww peach angel food cake,1633_1
What makes it up?,ww peach angel food cake,1633_1
Break it down for me,ww peach angel food cake,1633_1
please?,ww peach angel food cake,1633_1
What is the approximate calorie count?,ww peach angel food cake,1633_2
How many calories are in it?,ww peach angel food cake,1633_2
Can you tell me how many calories are involved?,ww peach angel food cake,1633_2
What is the calorie amount of this dish?,ww peach angel food cake,1633_2
Is there a specific caloric content?,ww peach angel food cake,1633_2
How much sweetness do you get?,ww peach angel food cake,1633_4
What's the sugar level?,ww peach angel food cake,1633_4
Is it high on sugar?,ww peach angel food cake,1633_4
Any sugars added?,ww peach angel food cake,1633_4
Amount of sweetness contained?,ww peach angel food cake,1633_4
How much salt is in this food item?,ww peach angel food cake,1633_5
Can I know the amount of salt in my meal?,ww peach angel food cake,1633_5
Is it possible to get the amount of salt in this dish?,ww peach angel food cake,1633_5
Is this dish low in salt?,ww peach angel food cake,1633_5
What's the salt content of this menu item?,ww peach angel food cake,1633_5
How much protein does this dish have?,ww peach angel food cake,1633_6
Is there a high protein content here?,ww peach angel food cake,1633_6
What's the protein level in this option?,ww peach angel food cake,1633_6
How many grams of protein are there?,ww peach angel food cake,1633_6
Can you tell me about the protein amount?,ww peach angel food cake,1633_6
How much fat is in the pancakes?,ww peach angel food cake,1633_7
What is the amount of saturated content in the dish?,ww peach angel food cake,1633_7
Can you tell me about the dietary fat content?,ww peach angel food cake,1633_7
How much cholesterol is there in the pancakes?,ww peach angel food cake,1633_7
Is there any trans fat in the dish?,ww peach angel food cake,1633_7
How much sugar is in this meal?,ww peach angel food cake,1633_8
What's the carb count?,ww peach angel food cake,1633_8
Can I assume high carb?,ww peach angel food cake,1633_8
Is this a sugar-heavy option?,ww peach angel food cake,1633_8
Are there a lot of carbs in this dish?,ww peach angel food cake,1633_8
What is the prep time?,ww peach angel food cake,1633_9
How much time is needed to prepare?,ww peach angel food cake,1633_9
How long will it take to make?,ww peach angel food cake,1633_9
Can you give me an estimated prep time?,ww peach angel food cake,1633_9
What is the wait time?,ww peach angel food cake,1633_9
How does this dish come together?,ww peach angel food cake,1633_10
What's the process to make this,ww peach angel food cake,1633_10
Can you walk me through the preparation?,ww peach angel food cake,1633_10
How do you cook these pancakes?,ww peach angel food cake,1633_10
What are the steps involved in assembling this dish?,ww peach angel food cake,1633_10
How long does it take to prepare this?,ww peach angel food cake,1633_11
Is this a quick meal?,ww peach angel food cake,1633_11
Is this a easy dish to make?,ww peach angel food cake,1633_11
What's the diet requirement for this?,ww peach angel food cake,1633_11
Is this a breakfast option?,ww peach angel food cake,1633_11
What's the score for this dish?,ww peach angel food cake,1633_12
How would I rate this one?,ww peach angel food cake,1633_12
What's the customer feedback like?,ww peach angel food cake,1633_12
Can I know the dish's popularity?,ww peach angel food cake,1633_12
How would you rate its quality?,ww peach angel food cake,1633_12
How do I modify the batter?,ww peach angel food cake,1633_13
Can I make it easier to scoop?,ww peach angel food cake,1633_13
Would it be fluffier with some adjustments?,ww peach angel food cake,1633_13
Do I need to make any changes?,ww peach angel food cake,1633_13
Can I make it rise higher?,ww peach angel food cake,1633_13
What type of food is this?,ww peach angel food cake,1633_14
What cuisine does this dish belong to?,ww peach angel food cake,1633_14
Does this dish fit into a particular meal type?,ww peach angel food cake,1633_14
In what part of the menu would I find this?,ww peach angel food cake,1633_14
Does this dish belong to a specific section?,ww peach angel food cake,1633_14
How many calories does this dish have?,ww peach angel food cake,1633_15
Is this dish high in calories?,ww peach angel food cake,1633_15
Are the calories in this dish moderate?,ww peach angel food cake,1633_15
Can I expect a low calorie count in this dish?,ww peach angel food cake,1633_15
How does the calorie density of this dish compare to others?,ww peach angel food cake,1633_15
How much does this dish cost?,ww peach angel food cake,1633_16
What is the cost of this dish?,ww peach angel food cake,1633_16
Can I know the price?,ww peach angel food cake,1633_16
How much will this set me back?,ww peach angel food cake,1633_16
What is the amount to pay?,ww peach angel food cake,1633_16
What's in the cake?,ww peach angel food cake,2496_1
Can I get a list of the cake's components?,ww peach angel food cake,2496_1
Do you use any special additives in the cake?,ww peach angel food cake,2496_1
What's the composition of the dark chocolate cake like?,ww peach angel food cake,2496_1
Can I know the basic makeup of the cake?,ww peach angel food cake,2496_1
What's the calorie count?,ww peach angel food cake,2496_2
How much would I be consuming?,ww peach angel food cake,2496_2
Can you tell me the calorie total?,ww peach angel food cake,2496_2
What's the caloric value?,ww peach angel food cake,2496_2
How many calories are there?,ww peach angel food cake,2496_2
What's the total caloric intake from fat?,ww peach angel food cake,2496_3
Can you give me the fat content breakdown?,ww peach angel food cake,2496_3
How much of the cake's calorie count is from fat?,ww peach angel food cake,2496_3
What's the percentage of fat in this dessert?,ww peach angel food cake,2496_3
What's the fat amount,ww peach angel food cake,2496_3
by weight?,ww peach angel food cake,2496_3
How much sugar is in the cake?,ww peach angel food cake,2496_4
What's the cake's sugar level?,ww peach angel food cake,2496_4
Can I know the cake's sugar amount?,ww peach angel food cake,2496_4
How much of my daily value is sugar in the cake?,ww peach angel food cake,2496_4
What's the sugar content of the dark chocolate cake?,ww peach angel food cake,2496_4
How much salt is in the dish?,ww peach angel food cake,2496_5
What's the sodium content like?,ww peach angel food cake,2496_5
Is the dish low in salt?,ww peach angel food cake,2496_5
Can you tell me the sodium level?,ww peach angel food cake,2496_5
Is there a lot of salt in this dish?,ww peach angel food cake,2496_5
How much muscle-building material does the cake contain?,ww peach angel food cake,2496_6
What's the amount of high-quality meat present?,ww peach angel food cake,2496_6
What's the quantity of something you use to build your body?,ww peach angel food cake,2496_6
How many grams of animal-based food is there?,ww peach angel food cake,2496_6
Is there any substantial amount of building block for muscle mass?,ww peach angel food cake,2496_6
How much unhealthy fat is in this dish?,ww peach angel food cake,2496_7
Is there a significant amount of fatty ingredients?,ww peach angel food cake,2496_7
What's the amount of bad cholesterol in the cake?,ww peach angel food cake,2496_7
Can you provide the fat content?,ww peach angel food cake,2496_7
Does this dark chocolate cake contain a substantial amount of saturated?,ww peach angel food cake,2496_7
What's the sugar content?,ww peach angel food cake,2496_8
Can I have the sugar levels?,ww peach angel food cake,2496_8
How many carbs are there?,ww peach angel food cake,2496_8
What's the calorie source?,ww peach angel food cake,2496_8
Is there a lot of sugar?,ww peach angel food cake,2496_8
How long does it take to get ready?,ww peach angel food cake,2496_9
What's the waiting time for this dish?,ww peach angel food cake,2496_9
How long do I need to wait?,ww peach angel food cake,2496_9
How long till it's ready?,ww peach angel food cake,2496_9
When will it be prepared?,ww peach angel food cake,2496_9
What's the process to make the cake?,ww peach angel food cake,2496_10
Can you walk me through the steps of preparing this dish?,ww peach angel food cake,2496_10
How do I get started with making this dessert?,ww peach angel food cake,2496_10
What are the key steps to follow for this recipe?,ww peach angel food cake,2496_10
Can you give me a breakdown of the preparation method?,ww peach angel food cake,2496_10
Can this dish be prepared quickly?,ww peach angel food cake,2496_11
Is this dish suitable for large crowds?,ww peach angel food cake,2496_11
Can I prepare this dish at home?,ww peach angel food cake,2496_11
What type of meal is this?,ww peach angel food cake,2496_11
Does it contain common allergens?,ww peach angel food cake,2496_11
How does this cake fare?,ww peach angel food cake,2496_12
What's the score for this chocolate treat?,ww peach angel food cake,2496_12
How would you rate this dessert?,ww peach angel food cake,2496_12
How many stars does this cake deserve?,ww peach angel food cake,2496_12
Can you give me a numerical review of this cake?,ww peach angel food cake,2496_12
What's the cake like?,ww peach angel food cake,2496_13
Does it really taste of chocolate?,ww peach angel food cake,2496_13
How would you describe the texture?,ww peach angel food cake,2496_13
Would you recommend any twists on the recipe?,ww peach angel food cake,2496_13
Has anyone else tried this cake?,ww peach angel food cake,2496_13
What kind of food is this?,ww peach angel food cake,2496_14
What type of dish is this?,ww peach angel food cake,2496_14
Does this come under a specific heading?,ww peach angel food cake,2496_14
Is this a certain kind of food?,ww peach angel food cake,2496_14
What group does this fit into?,ww peach angel food cake,2496_14
How much does it cost,ww peach angel food cake,2496_16
What is the bill for,ww peach angel food cake,2496_16
Can I know the fare,ww peach angel food cake,2496_16
What is the price point,ww peach angel food cake,2496_16
How much will it run,ww peach angel food cake,2496_16
What's in this cake?,ww peach angel food cake,2695_1
What do I find in a lemon jello cake?,ww peach angel food cake,2695_1
Can you name the components?,ww peach angel food cake,2695_1
What are the cake's constituents?,ww peach angel food cake,2695_1
What stuff does it take for making this cake?,ww peach angel food cake,2695_1
How many calories is it?,ww peach angel food cake,2695_2
What's the caloric count like?,ww peach angel food cake,2695_2
Does it have a specific calorie amount?,ww peach angel food cake,2695_2
Can I get the calorie total?,ww peach angel food cake,2695_2
What's the calorie content?,ww peach angel food cake,2695_2
How much fat does it have?,ww peach angel food cake,2695_3
Is there a lot of oil in this dish?,ww peach angel food cake,2695_3
What's the total amount of fat?,ww peach angel food cake,2695_3
Does this contain a lot of saturated fat?,ww peach angel food cake,2695_3
How much fatty content is there in this dish?,ww peach angel food cake,2695_3
How much sweetener does it contain?,ww peach angel food cake,2695_4
Can you tell me about the cake's sugar level?,ww peach angel food cake,2695_4
Is there a lot of sweetness in this jello cake?,ww peach angel food cake,2695_4
What's the total amount of sugar I'll be getting?,ww peach angel food cake,2695_4
Is this cake very sweet?,ww peach angel food cake,2695_4
What's the salt content of this cake?,ww peach angel food cake,2695_5
How many grams of salt is in this dessert?,ww peach angel food cake,2695_5
Can I know the amount of salt in the lemon jello cake?,ww peach angel food cake,2695_5
What's the sodium level of this treat?,ww peach angel food cake,2695_5
How much salt is contained in this lemon dessert?,ww peach angel food cake,2695_5
How much protein does the dish contain?,ww peach angel food cake,2695_6
Is the cake high in protein?,ww peach angel food cake,2695_6
What's the protein level in this dessert?,ww peach angel food cake,2695_6
Does the dessert have a lot of protein?,ww peach angel food cake,2695_6
How much nutritional value does the protein contribute?,ww peach angel food cake,2695_6
How much fatty content is in the dish?,ww peach angel food cake,2695_7
What kind of fat does the lemon jello cake contain?,ww peach angel food cake,2695_7
Is there a high amount of cholesterol?,ww peach angel food cake,2695_7
How much of the fat is unhealthy?,ww peach angel food cake,2695_7
How much fat is present in the cake,ww peach angel food cake,2695_7
How many carbs are in the cake?,ww peach angel food cake,2695_8
What's the sugar content?,ww peach angel food cake,2695_8
Can you tell me the carb count?,ww peach angel food cake,2695_8
How much sugar is in lemon jello cake?,ww peach angel food cake,2695_8
Is the cake high in carbs?,ww peach angel food cake,2695_8
How long will it take to make the order?,ww peach angel food cake,2695_9
How much time is needed to prepare the dish?,ww peach angel food cake,2695_9
What's the estimated preparation time?,ww peach angel food cake,2695_9
When can I expect my meal to be ready?,ww peach angel food cake,2695_9
How soon will the chef start preparing my meal?,ww peach angel food cake,2695_9
What is the process of making this cake?,ww peach angel food cake,2695_10
Can you describe how to assemble this dessert?,ww peach angel food cake,2695_10
What are the specific instructions for cooking this dish?,ww peach angel food cake,2695_10
Can you walk me through the steps to put this together?,ww peach angel food cake,2695_10
How do you recommend preparing this treat?,ww peach angel food cake,2695_10
Does it take long to prepare?,ww peach angel food cake,2695_11
Is it a specific course?,ww peach angel food cake,2695_11
Are there any dietary restrictions?,ww peach angel food cake,2695_11
Is it a special occasion food?,ww peach angel food cake,2695_11
Can I serve it to a group?,ww peach angel food cake,2695_11
How would you rate this dessert?,ww peach angel food cake,2695_12
What's the average review for this treat?,ww peach angel food cake,2695_12
How highly is this cake regarded?,ww peach angel food cake,2695_12
How would I rate this dessert?,ww peach angel food cake,2695_12
What's the overall assessment of this jello cake?,ww peach angel food cake,2695_12
What is the history of this dessert?,ww peach angel food cake,2695_13
Were these recipes popular?,ww peach angel food cake,2695_13
How did people rate this cake in the past?,ww peach angel food cake,2695_13
Can I get the original recipes?,ww peach angel food cake,2695_13
Do you have information on how to prepare this cake?,ww peach angel food cake,2695_13
What kind of meal is this?,ww peach angel food cake,2695_14
Can I have dessert or savory food?,ww peach angel food cake,2695_14
Is this an appetizer or main course?,ww peach angel food cake,2695_14
What type of food does it belong to?,ww peach angel food cake,2695_14
Do you have sweet or salty options?,ww peach angel food cake,2695_14
Is this dish low in calories?,ww peach angel food cake,2695_15
Does this dish have a healthy calorie count?,ww peach angel food cake,2695_15
What's the calorie level of this option?,ww peach angel food cake,2695_15
Is the calorie count of this dish relatively low?,ww peach angel food cake,2695_15
How many calories does this dish typically have?,ww peach angel food cake,2695_15
How much does this dish cost?,ww peach angel food cake,2695_16
What's the price of this lemon dessert?,ww peach angel food cake,2695_16
Can I know the cost of this treat?,ww peach angel food cake,2695_16
How much will this lemon cake set me back?,ww peach angel food cake,2695_16
Is there a price tag on this dish?,ww peach angel food cake,2695_16
What makes up this cake?,ww peach angel food cake,2767_1
Can you tell me the components?,ww peach angel food cake,2767_1
What does the recipe consist of?,ww peach angel food cake,2767_1
What are the components of the cake?,ww peach angel food cake,2767_1
What's inside this dessert?,ww peach angel food cake,2767_1
What is the total amount of fat in the dish?,ww peach angel food cake,2767_3
Can you tell me the fat content of the cake?,ww peach angel food cake,2767_3
How much fat does the moms chocolate zucchini cake contain?,ww peach angel food cake,2767_3
What is the percentage of fat in the cake?,ww peach angel food cake,2767_3
How many grams of fat are in the dessert?,ww peach angel food cake,2767_3
Is there much sugar?,ww peach angel food cake,2767_4
How much sweetness is there?,ww peach angel food cake,2767_4
What sweet stuff is in it?,ww peach angel food cake,2767_4
Does it have lots of sugar?,ww peach angel food cake,2767_4
How many grams of sweetness?,ww peach angel food cake,2767_4
How much salt would you describe?,ww peach angel food cake,2767_5
Is this dish low in salt?,ww peach angel food cake,2767_5
Can you give me the sodium count?,ww peach angel food cake,2767_5
What is the salt level of this cake?,ww peach angel food cake,2767_5
Does this chocolate zucchini cake have high salt?,ww peach angel food cake,2767_5
How much protein in each serving?,ww peach angel food cake,2767_6
What's the protein level in this dish?,ww peach angel food cake,2767_6
How much protein does it contain?,ww peach angel food cake,2767_6
Is it high in protein?,ww peach angel food cake,2767_6
Can I know the protein amount?,ww peach angel food cake,2767_6
How much unhealthy fat is in the cake?,ww peach angel food cake,2767_7
Is the cake high in saturated fats?,ww peach angel food cake,2767_7
How many grams of dietary evil is the cake made of?,ww peach angel food cake,2767_7
Does the cake have a lot of fatty stuff?,ww peach angel food cake,2767_7
What is the cake's bad fat content?,ww peach angel food cake,2767_7
What's the carb content?,ww peach angel food cake,2767_8
How many grams of sugar is it?,ww peach angel food cake,2767_8
Is it low in carbs?,ww peach angel food cake,2767_8
How many net carbs does it have?,ww peach angel food cake,2767_8
What's the sugar level of this cake?,ww peach angel food cake,2767_8
How long does it take to make?,ww peach angel food cake,2767_9
Preparation time please?,ww peach angel food cake,2767_9
When will it be ready to go?,ww peach angel food cake,2767_9
How many minutes to finish?,ww peach angel food cake,2767_9
What is the cook time?,ww peach angel food cake,2767_9
How do I know the recipe was done correctly?,ww peach angel food cake,2767_10
What's the process of preparing the cake?,ww peach angel food cake,2767_10
Can you walk me through the mixing stages?,ww peach angel food cake,2767_10
What's the final step before serving?,ww peach angel food cake,2767_10
Do I need to let the cake rest after baking?,ww peach angel food cake,2767_10
What type of food is this?,ww peach angel food cake,2767_11
How long does it take to make?,ww peach angel food cake,2767_11
What's the main contents?,ww peach angel food cake,2767_11
Is it suitable for a special occasion?,ww peach angel food cake,2767_11
Can I bake it?,ww peach angel food cake,2767_11
How would I rate this dish?,ww peach angel food cake,2767_12
What's the quality of this cake?,ww peach angel food cake,2767_12
Do you have a grade for this dessert?,ww peach angel food cake,2767_12
Can I give it a score?,ww peach angel food cake,2767_12
What's the verdict on this treat?,ww peach angel food cake,2767_12
How long should I wait before removing from the oven?,ww peach angel food cake,2767_13
Is the cake overcooked after 60-65 minutes?,ww peach angel food cake,2767_13
Can you give cooking time feedback?,ww peach angel food cake,2767_13
Do you recommend shorter baking time?,ww peach angel food cake,2767_13
What's the min time it should stay in the oven?,ww peach angel food cake,2767_13
What type of dish is this?,ww peach angel food cake,2767_14
What kind of menu item is this?,ww peach angel food cake,2767_14
What section does this fit under?,ww peach angel food cake,2767_14
What does this fit into?,ww peach angel food cake,2767_14
What classification does it have?,ww peach angel food cake,2767_14
Is it a lighter option?,ww peach angel food cake,2767_15
How many calories am I looking at?,ww peach angel food cake,2767_15
Is this dish suitable for a diet?,ww peach angel food cake,2767_15
Is it a healthy choice?,ww peach angel food cake,2767_15
Are there calories to worry about here?,ww peach angel food cake,2767_15
How much does this cake cost?,ww peach angel food cake,2767_16
What is the charge for this dessert?,ww peach angel food cake,2767_16
Can I know the price of this treat?,ww peach angel food cake,2767_16
How much would I need to pay for this?,ww peach angel food cake,2767_16
What is the rate of this item?,ww peach angel food cake,2767_16
What is in the pound cake?,ww peach angel food cake,2923_1
What are the cake's components?,ww peach angel food cake,2923_1
What do you use to make the cake?,ww peach angel food cake,2923_1
Can you list the ingredients?,ww peach angel food cake,2923_1
What's in the mix?,ww peach angel food cake,2923_1
How much does it weigh on the calorie scale?,ww peach angel food cake,2923_2
What's the nutritional value of this dessert?,ww peach angel food cake,2923_2
How many calories does this cake contain in total?,ww peach angel food cake,2923_2
Can you tell me the energy content of this treat?,ww peach angel food cake,2923_2
How many calories does this pound cake have in total?,ww peach angel food cake,2923_2
What's the fat content?,ww peach angel food cake,2923_3
How much fat is in it?,ww peach angel food cake,2923_3
Does it have a lot of fat?,ww peach angel food cake,2923_3
Is it a high-fat dish?,ww peach angel food cake,2923_3
How fatty is this option?,ww peach angel food cake,2923_3
How much sugar is in the dish?,ww peach angel food cake,2923_4
Is there a lot of sugar in this cake?,ww peach angel food cake,2923_4
What's the sugar level in the pound cake?,ww peach angel food cake,2923_4
Can you tell me about the sweet content?,ww peach angel food cake,2923_4
How sweet is the 7 up pound cake?,ww peach angel food cake,2923_4
Sodium content,ww peach angel food cake,2923_5
Is there a lot of salt in this dish?,ww peach angel food cake,2923_5
How much salt is in this 7 up pound cake?,ww peach angel food cake,2923_5
Is this dish high in salt?,ww peach angel food cake,2923_5
What's the salt content of this pound cake?,ww peach angel food cake,2923_5
How much protein is in the cake?,ww peach angel food cake,2923_6
What does the protein level look like?,ww peach angel food cake,2923_6
Can you tell me about protein in this dessert?,ww peach angel food cake,2923_6
How many grams of protein in the pound cake?,ww peach angel food cake,2923_6
Is there a significant amount of protein?,ww peach angel food cake,2923_6
How much fat is present?,ww peach angel food cake,2923_7
Is there a lot of unhealthy fat in this dish?,ww peach angel food cake,2923_7
What is the amount of bad fat in the cake?,ww peach angel food cake,2923_7
Can you tell me the amount of saturated fat in the cake?,ww peach angel food cake,2923_7
What percentage of the daily value is made up of saturated fat?,ww peach angel food cake,2923_7
How many carbs are there?,ww peach angel food cake,2923_8
What's the carb count?,ww peach angel food cake,2923_8
Can you tell me the sugar content?,ww peach angel food cake,2923_8
How many calories from carbs does it have?,ww peach angel food cake,2923_8
What's the glycemic index?,ww peach angel food cake,2923_8
How much time is needed for preparation?,ww peach angel food cake,2923_9
What's the estimated time to finish preparing the dish?,ww peach angel food cake,2923_9
When can I expect my order to be ready?,ww peach angel food cake,2923_9
How long is the preparation process?,ww peach angel food cake,2923_9
Can you give me an idea of how long the cooking takes?,ww peach angel food cake,2923_9
How is this dish made?,ww peach angel food cake,2923_10
What's the process to prepare this cake?,ww peach angel food cake,2923_10
Can you walk me through the steps?,ww peach angel food cake,2923_10
How do you cook this pound cake?,ww peach angel food cake,2923_10
What are the cooking instructions?,ww peach angel food cake,2923_10
What kind of meal is this?,ww peach angel food cake,2923_11
Is this suitable for special occasions?,ww peach angel food cake,2923_11
How long does it take to prepare?,ww peach angel food cake,2923_11
What equipment do I need for this?,ww peach angel food cake,2923_11
Can I adjust the serving size?,ww peach angel food cake,2923_11
What is the quality score?,ww peach angel food cake,2923_12
How would I rate this?,ww peach angel food cake,2923_12
Is it highly recommended?,ww peach angel food cake,2923_12
What does the public think?,ww peach angel food cake,2923_12
How does it stack up?,ww peach angel food cake,2923_12
Is this dish simple to make?,ww peach angel food cake,2923_13
How would you describe this pound cake recipe?,ww peach angel food cake,2923_13
Does the recipe require much effort?,ww peach angel food cake,2923_13
Can you summarize this 7 up pound cake recipe in a few words?,ww peach angel food cake,2923_13
How easy is it to prepare 7 up pound cake?,ww peach angel food cake,2923_13
What type of dish is this?,ww peach angel food cake,2923_14
Does this fall under a specific menu section?,ww peach angel food cake,2923_14
In what classification does this dish belong?,ww peach angel food cake,2923_14
What kind of food item is this?,ww peach angel food cake,2923_14
What genre of food is this?,ww peach angel food cake,2923_14
Is this a heavy meal?,ww peach angel food cake,2923_15
How much fat is in it?,ww peach angel food cake,2923_15
Will this dish make me gain weight?,ww peach angel food cake,2923_15
Is it suitable for a diet?,ww peach angel food cake,2923_15
Is this a high-fat dish?,ww peach angel food cake,2923_15
How much does the order cost?,ww peach angel food cake,2923_16
What's the amount for this treat?,ww peach angel food cake,2923_16
Can you give me the total price?,ww peach angel food cake,2923_16
Is there a cost associated with this?,ww peach angel food cake,2923_16
What is the dollar amount for this option?,ww peach angel food cake,2923_16
What's in the spice cake?,ww peach angel food cake,3091_1
What type of wet ingredients are used?,ww peach angel food cake,3091_1
Can I see the list of dry ingredients?,ww peach angel food cake,3091_1
Are there any edible treats in this dessert?,ww peach angel food cake,3091_1
Are there any unusual components in the recipe?,ww peach angel food cake,3091_1
What's the calorie count on this dish?,ww peach angel food cake,3091_2
Can you give me an estimate of the calories?,ww peach angel food cake,3091_2
How many calories are in this order?,ww peach angel food cake,3091_2
What's the calorie total for this?,ww peach angel food cake,3091_2
How many calories do I need to burn afterwards?,ww peach angel food cake,3091_2
How much sweetness is in the cake,ww peach angel food cake,3091_4
Is there a lot of sugar in this dish,ww peach angel food cake,3091_4
What is the sugar level of this treat,ww peach angel food cake,3091_4
How many grams of sugar does it contain,ww peach angel food cake,3091_4
Is it very sweet,ww peach angel food cake,3091_4
How much bad fat is in this cake?,ww peach angel food cake,3091_7
How much saturated fat does this have?,ww peach angel food cake,3091_7
What's the saturated fat content?,ww peach angel food cake,3091_7
Can I know the amount of fat in this?,ww peach angel food cake,3091_7
How much artery-clogging fat is there?,ww peach angel food cake,3091_7
How many carbs does it have?,ww peach angel food cake,3091_8
Are there a lot of starch in it?,ww peach angel food cake,3091_8
Is it high in carbs?,ww peach angel food cake,3091_8
What's the carb content?,ww peach angel food cake,3091_8
Does it make me bloated?,ww peach angel food cake,3091_8
Heartstone what to cook,ww peach angel food cake,3091_9
Timing of food making,ww peach angel food cake,3091_9
How long to start cooking,ww peach angel food cake,3091_9
Cooking time duration,ww peach angel food cake,3091_9
When would it be done,ww peach angel food cake,3091_9
How do you make this dish?,ww peach angel food cake,3091_10
What's the process to put this together?,ww peach angel food cake,3091_10
Can you walk me through the preparation steps?,ww peach angel food cake,3091_10
How do you assemble this dessert?,ww peach angel food cake,3091_10
What are the steps to follow for this recipe?,ww peach angel food cake,3091_10
Does this dish have a quick preparation time?,ww peach angel food cake,3091_11
Do you offer large group servings?,ww peach angel food cake,3091_11
What is the course type of this dish?,ww peach angel food cake,3091_11
Can this dish be made in a short amount of time?,ww peach angel food cake,3091_11
Is this a special dietary option?,ww peach angel food cake,3091_11
How would you rate this dessert?,ww peach angel food cake,3091_12
What is the average customer satisfaction for this dish?,ww peach angel food cake,3091_12
How many stars would you give this treat?,ww peach angel food cake,3091_12
Can you tell me the overall quality of this sweet?,ww peach angel food cake,3091_12
How does the general public rate this dessert?,ww peach angel food cake,3091_12
Please describe the preparation process,ww peach angel food cake,3091_13
What's unusual about this dish,ww peach angel food cake,3091_13
Can you explain the ingredients combination,ww peach angel food cake,3091_13
How would you rate the taste,ww peach angel food cake,3091_13
What's the story behind this unusual recipe,ww peach angel food cake,3091_13
What type of dish is this?,ww peach angel food cake,3091_14
What's the general style of this menu item?,ww peach angel food cake,3091_14
Can I find similar dishes elsewhere?,ww peach angel food cake,3091_14
Is this a specific type of cuisine?,ww peach angel food cake,3091_14
Is this dish unique?,ww peach angel food cake,3091_14
Is this dish low in calories?,ww peach angel food cake,3091_15
Can I order something light?,ww peach angel food cake,3091_15
Does this meal have a low fat content?,ww peach angel food cake,3091_15
Is this meal suitable for dieting?,ww peach angel food cake,3091_15
Is it a healthy option?,ww peach angel food cake,3091_15
What's the bill for this one?,ww peach angel food cake,3091_16
How much does this meal cost?,ww peach angel food cake,3091_16
Can you give me the price of this order?,ww peach angel food cake,3091_16
How much will this dish set me back?,ww peach angel food cake,3091_16
What's the cost of this offering?,ww peach angel food cake,3091_16
What's in the dessert?,ww peach angel food cake,3333_1
Can you tell me the contents?,ww peach angel food cake,3333_1
What ingredients are used?,ww peach angel food cake,3333_1
What makes up the mix?,ww peach angel food cake,3333_1
Is there a list of stuff in it?,ww peach angel food cake,3333_1
Is it high caloric?,ww peach angel food cake,3333_2
What's the caloric count?,ww peach angel food cake,3333_2
How many kilojoules does it contain?,ww peach angel food cake,3333_2
Can you tell me the calorie content?,ww peach angel food cake,3333_2
Are there a lot of calories in this dish?,ww peach angel food cake,3333_2
How much fat is in the dish?,ww peach angel food cake,3333_3
Are there a lot of fatty ingredients?,ww peach angel food cake,3333_3
What is the fat content?,ww peach angel food cake,3333_3
How many grams of fat does it have?,ww peach angel food cake,3333_3
Is it a high-fat option?,ww peach angel food cake,3333_3
What's the carb count?,ww peach angel food cake,3333_4
How much sweetness is in it?,ww peach angel food cake,3333_4
Does it contain a lot of sweet stuff?,ww peach angel food cake,3333_4
What's the amount of added sugars?,ww peach angel food cake,3333_4
Is it high in sweetness?,ww peach angel food cake,3333_4
How much salt is in it?,ww peach angel food cake,3333_5
Is it low in salt?,ww peach angel food cake,3333_5
How much salty is this dish?,ww peach angel food cake,3333_5
Does it contain much salt?,ww peach angel food cake,3333_5
How high is the salt content?,ww peach angel food cake,3333_5
What's the amount of protein in this dish?,ww peach angel food cake,3333_6
How much protein does it contain?,ww peach angel food cake,3333_6
Can you give me the protein details?,ww peach angel food cake,3333_6
What's the protein breakdown for this dish?,ww peach angel food cake,3333_6
How many grams of protein are in it?,ww peach angel food cake,3333_6
What's the fat content?,ww peach angel food cake,3333_7
How much fatty stuff is in it?,ww peach angel food cake,3333_7
Is it high in fat?,ww peach angel food cake,3333_7
Can you tell me about the fatty ingredients?,ww peach angel food cake,3333_7
Is there a lot of fat in the cake?,ww peach angel food cake,3333_7
What are the sugar contents?,ww peach angel food cake,3333_8
What's the carb content like?,ww peach angel food cake,3333_8
How many carbs are in this dish?,ww peach angel food cake,3333_8
What's the nutritional fiber score?,ww peach angel food cake,3333_8
What's the sweetness level in terms of carbs?,ww peach angel food cake,3333_8
How long is the wait?,ww peach angel food cake,3333_9
Can I get an estimate on preparation time?,ww peach angel food cake,3333_9
How soon will this dish be ready?,ww peach angel food cake,3333_9
What's the prep time on this?,ww peach angel food cake,3333_9
When can I expect my food to be ready?,ww peach angel food cake,3333_9
Is this dish quick to prepare?,ww peach angel food cake,3333_11
What's the course type for this dish?,ww peach angel food cake,3333_11
Are there any main ingredients in this?,ww peach angel food cake,3333_11
What types of cuisine does this dish belong to?,ww peach angel food cake,3333_11
Will this dish work for kids?,ww peach angel food cake,3333_11
How would you rate this dessert?,ww peach angel food cake,3333_12
What's the average score for this treat?,ww peach angel food cake,3333_12
Can you tell me about the dish's popularity?,ww peach angel food cake,3333_12
What's the ranking of this sweet treat?,ww peach angel food cake,3333_12
Is this dessert highly praised?,ww peach angel food cake,3333_12
What do people think of it?,ww peach angel food cake,3333_13
Any suggestions for preparation?,ww peach angel food cake,3333_13
Does it work well in other types of dishes?,ww peach angel food cake,3333_13
Can I use something else instead of a flower pot?,ww peach angel food cake,3333_13
Are there any tips for mixing the ingredients?,ww peach angel food cake,3333_13
What type of cuisine is this?,ww peach angel food cake,3333_14
Is this a sweet dish?,ww peach angel food cake,3333_14
Can I customize the order?,ww peach angel food cake,3333_14
What's the main component?,ww peach angel food cake,3333_14
Is it a popular choice?,ww peach angel food cake,3333_14
How many calories does it have?,ww peach angel food cake,3333_15
Is this dish high in calories?,ww peach angel food cake,3333_15
What's the calorie count for this dish?,ww peach angel food cake,3333_15
Does it have a lot of calories?,ww peach angel food cake,3333_15
Are there many calories in this dish?,ww peach angel food cake,3333_15
How much does it cost?,ww peach angel food cake,3333_16
What's the price to pay?,ww peach angel food cake,3333_16
How much will it set me back?,ww peach angel food cake,3333_16
What's the tag price?,ww peach angel food cake,3333_16
Can I get a price quote?,ww peach angel food cake,3333_16
What's in the cake?,ww peach angel food cake,3559_1
Can you list the components of the pumpkin bundt cake?,ww peach angel food cake,3559_1
What ingredients make up the dish?,ww peach angel food cake,3559_1
Are there any specific ingredients used?,ww peach angel food cake,3559_1
What are the contents of the pumpkin bundt cake?,ww peach angel food cake,3559_1
What's the calorie count?,ww peach angel food cake,3559_2
How many calorie units are in this dish?,ww peach angel food cake,3559_2
How many calories does it contain?,ww peach angel food cake,3559_2
What's the calorie content?,ww peach angel food cake,3559_2
Can I know the calorie amount?,ww peach angel food cake,3559_2
What's the total amount of fatty content?,ww peach angel food cake,3559_3
How much oil is inside?,ww peach angel food cake,3559_3
What's the fat content breakdown?,ww peach angel food cake,3559_3
Is it high in fat?,ww peach angel food cake,3559_3
What's the total fat content like?,ww peach angel food cake,3559_3
How much sweetness is in the dessert?,ww peach angel food cake,3559_4
What is the total amount of natural and added sugars?,ww peach angel food cake,3559_4
Can you tell me the number of grams of sugar in this treat?,ww peach angel food cake,3559_4
How many sugar grams in this food item?,ww peach angel food cake,3559_4
What's the sugar per serving for this cake?,ww peach angel food cake,3559_4
How much salt is in this?,ww peach angel food cake,3559_5
How many grams of that is in there?,ww peach angel food cake,3559_5
Does this have too much salt?,ww peach angel food cake,3559_5
Is this item high in salt?,ww peach angel food cake,3559_5
How's the salt content?,ww peach angel food cake,3559_5
What are the amount of proteins in this dish?,ww peach angel food cake,3559_6
How much protein is included?,ww peach angel food cake,3559_6
Can you please tell me about protein content?,ww peach angel food cake,3559_6
What's the protein level?,ww peach angel food cake,3559_6
Is there a specific amount of protein in this food?,ww peach angel food cake,3559_6
How much unhealthy fat is there?,ww peach angel food cake,3559_7
Can you tell me about the cake's fatty content?,ww peach angel food cake,3559_7
What's the amount of fat that's not good for you?,ww peach angel food cake,3559_7
Is there a lot of bad stuff in the cake?,ww peach angel food cake,3559_7
How much of it is the not-so-healthy kind?,ww peach angel food cake,3559_7
How many grams of carbs?,ww peach angel food cake,3559_8
What's the carb count?,ww peach angel food cake,3559_8
Are there any sugars in the dish?,ww peach angel food cake,3559_8
Can you tell me about the glycemic index?,ww peach angel food cake,3559_8
How much sugar is in the dish?,ww peach angel food cake,3559_8
How long until you're finished with the baking?,ww peach angel food cake,3559_9
Can you give me an estimate of the cooking time?,ww peach angel food cake,3559_9
How soon will my order be ready?,ww peach angel food cake,3559_9
Is there a wait for food preparation?,ww peach angel food cake,3559_9
How long does it take to produce the desired outcome?,ww peach angel food cake,3559_9
What happens first when making this cake?,ww peach angel food cake,3559_10
How do you mix the batter?,ww peach angel food cake,3559_10
What's the process of putting it in the oven?,ww peach angel food cake,3559_10
Can you show me how to remove it from the pan afterwards?,ww peach angel food cake,3559_10
How do you finish off this dessert?,ww peach angel food cake,3559_10
Is this dish suitable for a large group?,ww peach angel food cake,3559_11
What type of event is this dish typically served at?,ww peach angel food cake,3559_11
Does this dessert have any seasonal ingredients?,ww peach angel food cake,3559_11
Are there any ingredients that require more than 4 hours to prepare?,ww peach angel food cake,3559_11
Can this cake be made in the oven?,ww peach angel food cake,3559_11
How would you rate this dessert?,ww peach angel food cake,3559_12
What's the scale for this pumpkin cake?,ww peach angel food cake,3559_12
Can you tell me its reviews?,ww peach angel food cake,3559_12
How do people like it?,ww peach angel food cake,3559_12
How many stars does it get?,ww peach angel food cake,3559_12
How did staff react to the Monday-morning treat?,ww peach angel food cake,3559_13
Is it suitable for high-altitude areas?,ww peach angel food cake,3559_13
Can I customize the recipe?,ww peach angel food cake,3559_13
What other great treats should I consider for staff?,ww peach angel food cake,3559_13
Will I have to find another treat?,ww peach angel food cake,3559_13
Is this dessert a low-calorie option?,ww peach angel food cake,3559_15
What's the calorie count on this dish?,ww peach angel food cake,3559_15
How many calories does this treat have?,ww peach angel food cake,3559_15
Is this a light-on-calories choice?,ww peach angel food cake,3559_15
Are there any weightwatchers in this dessert?,ww peach angel food cake,3559_15
How much does this dish cost?,ww peach angel food cake,3559_16
What is the price of this bundt cake?,ww peach angel food cake,3559_16
Is there a price associated with this pumpkin cake?,ww peach angel food cake,3559_16
How much money will I need to pay for this?,ww peach angel food cake,3559_16
Can you tell me the cost of this dessert?,ww peach angel food cake,3559_16
What's in the cake?,ww peach angel food cake,3595_1
What are the components?,ww peach angel food cake,3595_1
Can you list out the substances?,ww peach angel food cake,3595_1
What are the ingredients used in the Better than Sex cake?,ww peach angel food cake,3595_1
What elements make up the dessert?,ww peach angel food cake,3595_1
What is the calorie count?,ww peach angel food cake,3595_2
How many calories would I consume?,ww peach angel food cake,3595_2
Is there a calorie count available?,ww peach angel food cake,3595_2
What's the calorie total?,ww peach angel food cake,3595_2
How many calories in this cake?,ww peach angel food cake,3595_2
How much is the cake's fat content?,ww peach angel food cake,3595_3
What's the total fatty acid count?,ww peach angel food cake,3595_3
Can I get the fat breakdown?,ww peach angel food cake,3595_3
How many grams of fat is it?,ww peach angel food cake,3595_3
What's the fatty acid profile like?,ww peach angel food cake,3595_3
How much sugar does it have?,ww peach angel food cake,3595_4
What's the sweetener content of this dish?,ww peach angel food cake,3595_4
Is it high in sugar?,ww peach angel food cake,3595_4
'Does it have a lot of sugar?',ww peach angel food cake,3595_4
What's the sugar level like in this treat?,ww peach angel food cake,3595_4
How much salt is present?,ww peach angel food cake,3595_5
Can you tell me about the dish's ingredient levels?,ww peach angel food cake,3595_5
Is this dish low in salt content?,ww peach angel food cake,3595_5
What's the sodium content like?,ww peach angel food cake,3595_5
Are there any high-sodium ingredients?,ww peach angel food cake,3595_5
How much protein is in the dish?,ww peach angel food cake,3595_6
What is the amount of protein in Better than Sex Cake III?,ww peach angel food cake,3595_6
How many grams of protein does it contain?,ww peach angel food cake,3595_6
Is the nutritional content significant?,ww peach angel food cake,3595_6
What's the protein measurement for this cake?,ww peach angel food cake,3595_6
How much fat is in this cake?,ww peach angel food cake,3595_7
What type of fat is contained in the cake?,ww peach angel food cake,3595_7
How many grams of harmful fat are there?,ww peach angel food cake,3595_7
Can you tell me the amount of unhealthy fat in the cake?,ww peach angel food cake,3595_7
What is the amount of fatty acid present in the Better than Sex Cake III?,ww peach angel food cake,3595_7
What's the carb count?,ww peach angel food cake,3595_8
How many sugars am I getting?,ww peach angel food cake,3595_8
Is it a low-carb option?,ww peach angel food cake,3595_8
What's the sugar content?,ww peach angel food cake,3595_8
How many carbs are present?,ww peach angel food cake,3595_8
Can you walk me through the preparation process?,ww peach angel food cake,3595_10
How do you make this dessert?,ww peach angel food cake,3595_10
What steps do I need to take to prepare this cake?,ww peach angel food cake,3595_10
Can you tell me what it takes to prepare this treat?,ww peach angel food cake,3595_10
What's the process like for this sweet dish?,ww peach angel food cake,3595_10
What's the dish's cooking times?,ww peach angel food cake,3595_11
Is it easy to make?,ww peach angel food cake,3595_11
Can I use it for a large gathering?,ww peach angel food cake,3595_11
Is it suitable for a romantic evening?,ww peach angel food cake,3595_11
Are there any special dietary needs I should know about?,ww peach angel food cake,3595_11
What's the customer opinion on this treat?,ww peach angel food cake,3595_12
How good is this dessert really?,ww peach angel food cake,3595_12
How would you rate this indulgence?,ww peach angel food cake,3595_12
What do people think of this sweet pleasure?,ww peach angel food cake,3595_12
How does this delight fair with the masses?,ww peach angel food cake,3595_12
How do I replicate this recipe?,ww peach angel food cake,3595_13
What are the key ingredients needed?,ww peach angel food cake,3595_13
Can I substitute certain ingredients?,ww peach angel food cake,3595_13
How does this recipe compare to others?,ww peach angel food cake,3595_13
Are there any variations on this recipe?,ww peach angel food cake,3595_13
What kind of food is this?,ww peach angel food cake,3595_14
Does it belong to a specific cuisine?,ww peach angel food cake,3595_14
Is this a beginner's dish or advanced?,ww peach angel food cake,3595_14
Can I classify it under a specific course?,ww peach angel food cake,3595_14
Does it fit into a particular type of meal?,ww peach angel food cake,3595_14
How many calories does it have?,ww peach angel food cake,3595_15
Is this dish light on calories?,ww peach angel food cake,3595_15
Is it a healthy option?,ww peach angel food cake,3595_15
Is it low in nutrition value?,ww peach angel food cake,3595_15
Does it have a lot of fat?,ww peach angel food cake,3595_15
How much does this cost?,ww peach angel food cake,3595_16
Can I know the billing for this menu item?,ww peach angel food cake,3595_16
Is this dish affordable?,ww peach angel food cake,3595_16
What's the tag for this cake?,ww peach angel food cake,3595_16
How much is this treat going to set me back?,ww peach angel food cake,3595_16
What is this cake made of?,ww peach angel food cake,3782_1
Can you list all the items used to make this dessert?,ww peach angel food cake,3782_1
What are the components of this chocolate cake?,ww peach angel food cake,3782_1
What helps make up this peanut butter frosting?,ww peach angel food cake,3782_1
Are there any hidden ingredients in the chocolate cake?,ww peach angel food cake,3782_1
What's the caloric count?,ww peach angel food cake,3782_2
How much energy does it contain?,ww peach angel food cake,3782_2
What's the total calorie amount?,ww peach angel food cake,3782_2
Can you tell me the calorie count?,ww peach angel food cake,3782_2
Does it have a specified caloric value?,ww peach angel food cake,3782_2
How much fat is in it?,ww peach angel food cake,3782_3
Is it high in fat?,ww peach angel food cake,3782_3
What's the fat content?,ww peach angel food cake,3782_3
Does it have a lot of grease?,ww peach angel food cake,3782_3
What's the caloric composition?,ww peach angel food cake,3782_3
How much sugar is in the dish?,ww peach angel food cake,3782_4
What's the sweet stuff make up the cake?,ww peach angel food cake,3782_4
Can you tell me the sugar level?,ww peach angel food cake,3782_4
How many grams of sugar are in each serving?,ww peach angel food cake,3782_4
What's the total sugar amount?,ww peach angel food cake,3782_4
How much salt is in this?,ww peach angel food cake,3782_5
What's the amount of seasoning in this dish?,ww peach angel food cake,3782_5
Is there much saltiness in the flavor profile?,ww peach angel food cake,3782_5
Can I know the amount of salt I'll get?,ww peach angel food cake,3782_5
How much does the dish contribute to daily salt intake?,ww peach angel food cake,3782_5
How much protein is in the cake,ww peach angel food cake,3782_6
What nutrients does the cake contain,ww peach angel food cake,3782_6
Can you tell me about the protein level,ww peach angel food cake,3782_6
What is the nutritional value of the cake,ww peach angel food cake,3782_6
Are there any protein-rich ingredients?,ww peach angel food cake,3782_6
What's the content of saturated fat?,ww peach angel food cake,3782_7
Are there any high-fat components?,ww peach angel food cake,3782_7
How much fatty acid is present?,ww peach angel food cake,3782_7
Is there anything with high fat percentage?,ww peach angel food cake,3782_7
What's the fat composition?,ww peach angel food cake,3782_7
How much carb content do I get?,ww peach angel food cake,3782_8
What's the sugar content like?,ww peach angel food cake,3782_8
Are there any low-carb options?,ww peach angel food cake,3782_8
Is this cake high in carbs?,ww peach angel food cake,3782_8
Can you tell me about the sugar levels?,ww peach angel food cake,3782_8
How much time do you need to get it ready?,ww peach angel food cake,3782_9
Can I get an estimated prep time?,ww peach angel food cake,3782_9
What's the expected wait?,ww peach angel food cake,3782_9
How long before it's ready?,ww peach angel food cake,3782_9
Do you need advance notice?,ww peach angel food cake,3782_9
How many steps are involved in making this dish?,ww peach angel food cake,3782_10
What's the process for putting this dish together?,ww peach angel food cake,3782_10
How do you typically prepare this dish step by step?,ww peach angel food cake,3782_10
Can you walk me through the preparation process?,ww peach angel food cake,3782_10
What are the sequential actions to create this dish?,ww peach angel food cake,3782_10
Can it be prepared quickly?,ww peach angel food cake,3782_11
Does it take long to cook?,ww peach angel food cake,3782_11
Are there any special dietary needs for this dish?,ww peach angel food cake,3782_11
Can it be served to a large group?,ww peach angel food cake,3782_11
Can it be prepared with specific equipment?,ww peach angel food cake,3782_11
How would you rate this dessert?,ww peach angel food cake,3782_12
What's the overall quality of this treat?,ww peach angel food cake,3782_12
Is this one of your top picks?,ww peach angel food cake,3782_12
Can you tell me how this cake fares with others?,ww peach angel food cake,3782_12
Does this dish meet your standards?,ww peach angel food cake,3782_12
What's your rating for this dish?,ww peach angel food cake,3782_13
How would you describe the taste?,ww peach angel food cake,3782_13
Is it a favorite?,ww peach angel food cake,3782_13
Would you recommend it?,ww peach angel food cake,3782_13
Did you enjoy eating it?,ww peach angel food cake,3782_13
What type of cuisine is this?,ww peach angel food cake,3782_14
Can I classify this by sweet treats?,ww peach angel food cake,3782_14
Is this a dessert?,ww peach angel food cake,3782_14
Is this an after-meal option?,ww peach angel food cake,3782_14
Do you consider this a sweet indulgence?,ww peach angel food cake,3782_14
How many calories does this dish have?,ww peach angel food cake,3782_15
Is this dish high in calories?,ww peach angel food cake,3782_15
Are there many calories in this dish?,ww peach angel food cake,3782_15
Is it high calorie?,ww peach angel food cake,3782_15
Are there a lot of calories in this dish?,ww peach angel food cake,3782_15
How much does this dish cost?,ww peach angel food cake,3782_16
Can I know the price of this dessert?,ww peach angel food cake,3782_16
What's the cost of the cake I'm interested in?,ww peach angel food cake,3782_16
How much does this treat cost?,ww peach angel food cake,3782_16
What's the price of the order?,ww peach angel food cake,3782_16
What's in this dish?,ww peach angel food cake,3794_1
Can you tell me the components?,ww peach angel food cake,3794_1
Ingredients list please?,ww peach angel food cake,3794_1
What does this contain?,ww peach angel food cake,3794_1
Break down the elements?,ww peach angel food cake,3794_1
How many calories are in this dish?,ww peach angel food cake,3794_2
What's the calorie count for this food?,ww peach angel food cake,3794_2
Can you tell me the calorie information?,ww peach angel food cake,3794_2
How many calories are in the peach angel food cake?,ww peach angel food cake,3794_2
How much does this dish weigh in calories?,ww peach angel food cake,3794_2
How much fatty content does it have?,ww peach angel food cake,3794_3
What's the fat content?,ww peach angel food cake,3794_3
Is this dish greasy?,ww peach angel food cake,3794_3
Does it contain any oils?,ww peach angel food cake,3794_3
Is it a fatty dessert?,ww peach angel food cake,3794_3
How much sugar is in this dish?,ww peach angel food cake,3794_4
What's the amount of sweetener in this treat?,ww peach angel food cake,3794_4
Can you tell me about the sugar levels in this dessert?,ww peach angel food cake,3794_4
Is this option high in sugar?,ww peach angel food cake,3794_4
How many grams of sugar does it contain?,ww peach angel food cake,3794_4
How much salt is in this?,ww peach angel food cake,3794_5
What's the amount of salt in this dish?,ww peach angel food cake,3794_5
How does this affect my blood pressure?,ww peach angel food cake,3794_5
Are there any high-blood-pressure causing ingredients?,ww peach angel food cake,3794_5
"Is there a lot of seasoning in this?"")",ww peach angel food cake,3794_5
Would there be any significant amount of protein in this?,ww peach angel food cake,3794_6
How much actual substance is there in each serving?,ww peach angel food cake,3794_6
Is there a significant amount of nutrient in this?,ww peach angel food cake,3794_6
Would I find a substantial part of my daily essential amino acid in this?,ww peach angel food cake,3794_6
How much will this contribute to my body's protein needs?,ww peach angel food cake,3794_6
Fat content,ww peach angel food cake,3794_7
How many grams of fatty material,ww peach angel food cake,3794_7
What is the fat level,ww peach angel food cake,3794_7
Is it a low-fat option,ww peach angel food cake,3794_7
Does it contain any fatty acids,ww peach angel food cake,3794_7
